,Opportunity Name,Level 2 Government,Bridge Name,Project Code,Stage,Sub-Stage,B2P Fiscal Year,Individuals Directly Served,Population Estimate 2000m,geometry,pop_sum
7,Uganda - Masaka-munsiso - 1022724,Kabarole,Masaka-munsiso,1022724,Complete,In Service,2022,11100.0,,"POLYGON ((30.513131 0.862348, 30.512991357073496 0.8595055029304427, 30.512573773131695 0.8566903806615322, 30.511882269736237 0.8539297443596205, 30.51092350644283 0.8512501804614124, 30.509706716666102 0.8486774946320461, 30.508243618756776 0.8462364632424315, 30.50654830314752 0.8439505947592543, 30.50463709665441 0.8418419033455902, 30.502528405240746 0.8399306968524807, 30.50024253675757 0.8382353812432262, 30.497801505367956 0.8367722833338977, 30.49522881953859 0.8355554935571727, 30.49254925564038 0.8345967302637659, 30.48978861933847 0.8339052268683064, 30.48697349706956 0.8334876429265063, 30.484131 0.833348, 30.481288502930443 0.8334876429265063, 30.478473380661534 0.8339052268683064, 30.475712744359623 0.8345967302637659, 30.473033180461414 0.8355554935571727, 30.470460494632047 0.8367722833338977, 30.468019463242435 0.8382353812432262, 30.465733594759257 0.8399306968524807, 30.463624903345593 0.8418419033455902, 30.46171369685248 0.8439505947592543, 30.460018381243227 0.8462364632424315, 30.4585552833339 0.8486774946320461, 30.457338493557174 0.8512501804614124, 30.456379730263766 0.8539297443596205, 30.455688226868308 0.8566903806615322, 30.455270642926507 0.8595055029304427, 30.455131 0.862348, 30.455270642926507 0.8651904970695573, 30.455688226868308 0.8680056193384678, 30.456379730263766 0.8707662556403795, 30.457338493557174 0.8734458195385876, 30.4585552833339 0.8760185053679539, 30.460018381243227 0.8784595367575685, 30.46171369685248 0.8807454052407457, 30.463624903345593 0.8828540966544098, 30.465733594759257 0.8847653031475193, 30.468019463242435 0.8864606187567738, 30.470460494632047 0.8879237166661023, 30.473033180461414 0.8891405064428273, 30.475712744359623 0.8900992697362341, 30.478473380661534 0.8907907731316936, 30.481288502930443 0.8912083570734937, 30.484131 0.891348, 30.48697349706956 0.8912083570734937, 30.48978861933847 0.8907907731316936, 30.49254925564038 0.8900992697362341, 30.49522881953859 0.8891405064428273, 30.497801505367956 0.8879237166661023, 30.50024253675757 0.8864606187567738, 30.502528405240746 0.8847653031475193, 30.50463709665441 0.8828540966544098, 30.50654830314752 0.8807454052407457, 30.508243618756776 0.8784595367575685, 30.509706716666102 0.8760185053679539, 30.51092350644283 0.8734458195385876, 30.511882269736237 0.8707662556403795, 30.512573773131695 0.8680056193384678, 30.512991357073496 0.8651904970695573, 30.513131 0.862348))",7361
18,Uganda - Kishanda-kisegere - 1039081,Kanungu,Kishanda-kisegere,1039081,Complete,In Service,2023,2090.0,,"POLYGON ((29.686129 -0.936912, 29.685989357073495 -0.9397544970695573, 29.685571773131695 -0.9425696193384677, 29.684880269736237 -0.9453302556403794, 29.68392150644283 -0.9480098195385875, 29.6827047166661 -0.9505825053679539, 29.681241618756776 -0.9530235367575685, 29.67954630314752 -0.9553094052407457, 29.67763509665441 -0.9574180966544098, 29.675526405240745 -0.9593293031475193, 29.673240536757568 -0.9610246187567738, 29.670799505367956 -0.9624877166661022, 29.66822681953859 -0.9637045064428272, 29.66554725564038 -0.9646632697362341, 29.66278661933847 -0.9653547731316936, 29.65997149706956 -0.9657723570734936, 29.657129 -0.965912, 29.654286502930443 -0.9657723570734936, 29.651471380661533 -0.9653547731316936, 29.648710744359622 -0.9646632697362341, 29.646031180461414 -0.9637045064428272, 29.643458494632046 -0.9624877166661022, 29.641017463242434 -0.9610246187567738, 29.638731594759257 -0.9593293031475193, 29.636622903345593 -0.9574180966544098, 29.63471169685248 -0.9553094052407457, 29.633016381243227 -0.9530235367575685, 29.6315532833339 -0.9505825053679539, 29.630336493557174 -0.9480098195385875, 29.629377730263766 -0.9453302556403794, 29.628686226868307 -0.9425696193384677, 29.628268642926507 -0.9397544970695573, 29.628129 -0.936912, 29.628268642926507 -0.9340695029304427, 29.628686226868307 -0.9312543806615322, 29.629377730263766 -0.9284937443596206, 29.630336493557174 -0.9258141804614124, 29.6315532833339 -0.9232414946320461, 29.633016381243227 -0.9208004632424315, 29.63471169685248 -0.9185145947592542, 29.636622903345593 -0.9164059033455901, 29.638731594759257 -0.9144946968524806, 29.641017463242434 -0.9127993812432261, 29.643458494632046 -0.9113362833338977, 29.646031180461414 -0.9101194935571727, 29.648710744359622 -0.9091607302637659, 29.651471380661533 -0.9084692268683063, 29.654286502930443 -0.9080516429265063, 29.657129 -0.9079119999999999, 29.65997149706956 -0.9080516429265063, 29.66278661933847 -0.9084692268683063, 29.66554725564038 -0.9091607302637659, 29.66822681953859 -0.9101194935571727, 29.670799505367956 -0.9113362833338977, 29.673240536757568 -0.9127993812432261, 29.675526405240745 -0.9144946968524806, 29.67763509665441 -0.9164059033455901, 29.67954630314752 -0.9185145947592542, 29.681241618756776 -0.9208004632424315, 29.6827047166661 -0.9232414946320461, 29.68392150644283 -0.9258141804614124, 29.684880269736237 -0.9284937443596205, 29.685571773131695 -0.9312543806615322, 29.685989357073495 -0.9340695029304427, 29.686129 -0.936912))",8169
38,Uganda - Kyabayenze - 1015937,Kasese,Kyabayenze,1015937,Complete,In Service,2021,23416.0,,"POLYGON ((29.770353 0.088369, 29.770213357073494 0.0855265029304427, 29.769795773131694 0.0827113806615323, 29.769104269736236 0.0799507443596206, 29.768145506442828 0.0772711804614124, 29.7669287166661 0.0746984946320461, 29.765465618756775 0.0722574632424315, 29.76377030314752 0.0699715947592543, 29.76185909665441 0.0678629033455901, 29.759750405240744 0.0659516968524806, 29.757464536757567 0.0642563812432262, 29.755023505367955 0.0627932833338977, 29.752450819538588 0.0615764935571727, 29.74977125564038 0.060617730263766, 29.747010619338468 0.0599262268683063, 29.74419549706956 0.0595086429265063, 29.741353 0.059369, 29.738510502930442 0.0595086429265063, 29.735695380661532 0.0599262268683063, 29.73293474435962 0.0606177302637659, 29.730255180461413 0.0615764935571727, 29.727682494632045 0.0627932833338977, 29.725241463242433 0.0642563812432262, 29.722955594759256 0.0659516968524806, 29.720846903345592 0.0678629033455901, 29.71893569685248 0.0699715947592543, 29.717240381243226 0.0722574632424315, 29.7157772833339 0.0746984946320461, 29.714560493557173 0.0772711804614124, 29.713601730263765 0.0799507443596206, 29.712910226868306 0.0827113806615323, 29.712492642926506 0.0855265029304427, 29.712353 0.088369, 29.712492642926506 0.0912114970695573, 29.712910226868306 0.0940266193384677, 29.713601730263765 0.0967872556403794, 29.714560493557173 0.0994668195385876, 29.7157772833339 0.1020395053679539, 29.717240381243226 0.1044805367575685, 29.71893569685248 0.1067664052407457, 29.720846903345592 0.1088750966544099, 29.722955594759256 0.1107863031475194, 29.725241463242433 0.1124816187567738, 29.727682494632045 0.1139447166661023, 29.730255180461413 0.1151615064428273, 29.73293474435962 0.1161202697362341, 29.735695380661532 0.1168117731316937, 29.738510502930442 0.1172293570734937, 29.741353 0.117369, 29.74419549706956 0.1172293570734937, 29.747010619338468 0.1168117731316937, 29.74977125564038 0.1161202697362341, 29.752450819538588 0.1151615064428273, 29.755023505367955 0.1139447166661023, 29.757464536757567 0.1124816187567738, 29.759750405240744 0.1107863031475194, 29.76185909665441 0.1088750966544099, 29.76377030314752 0.1067664052407457, 29.765465618756775 0.1044805367575685, 29.7669287166661 0.102039505367954, 29.768145506442828 0.0994668195385876, 29.769104269736236 0.0967872556403794, 29.769795773131694 0.0940266193384677, 29.770213357073494 0.0912114970695572, 29.770353 0.088369))",16588
50,Uganda - Kasumbelya - 1013817,Bundibugyo,Kasumbelya,1013817,Complete,,2022,8218.0,,"POLYGON ((30.029455 0.642, 30.029315357073493 0.6391575029304427, 30.028897773131693 0.6363423806615323, 30.028206269736234 0.6335817443596206, 30.027247506442826 0.6309021804614124, 30.0260307166661 0.6283294946320461, 30.024567618756773 0.6258884632424315, 30.02287230314752 0.6236025947592543, 30.020961096654407 0.6214939033455902, 30.018852405240743 0.6195826968524807, 30.016566536757566 0.6178873812432262, 30.014125505367954 0.6164242833338978, 30.011552819538586 0.6152074935571727, 30.008873255640378 0.6142487302637659, 30.006112619338467 0.6135572268683064, 30.003297497069557 0.6131396429265064, 30.000455 0.613, 29.99761250293044 0.6131396429265064, 29.99479738066153 0.6135572268683064, 29.99203674435962 0.6142487302637659, 29.98935718046141 0.6152074935571727, 29.986784494632044 0.6164242833338978, 29.984343463242432 0.6178873812432262, 29.982057594759254 0.6195826968524807, 29.97994890334559 0.6214939033455902, 29.97803769685248 0.6236025947592543, 29.976342381243224 0.6258884632424315, 29.974879283333898 0.6283294946320461, 29.97366249355717 0.6309021804614124, 29.972703730263763 0.6335817443596206, 29.972012226868305 0.6363423806615323, 29.971594642926505 0.6391575029304427, 29.971455 0.642, 29.971594642926505 0.6448424970695573, 29.972012226868305 0.6476576193384678, 29.972703730263763 0.6504182556403795, 29.97366249355717 0.6530978195385876, 29.974879283333898 0.6556705053679539, 29.976342381243224 0.6581115367575685, 29.97803769685248 0.6603974052407457, 29.97994890334559 0.6625060966544098, 29.982057594759254 0.6644173031475193, 29.984343463242432 0.6661126187567739, 29.986784494632044 0.6675757166661023, 29.98935718046141 0.6687925064428273, 29.99203674435962 0.6697512697362341, 29.99479738066153 0.6704427731316936, 29.99761250293044 0.6708603570734937, 30.000455 0.671, 30.003297497069557 0.6708603570734937, 30.006112619338467 0.6704427731316936, 30.008873255640378 0.6697512697362341, 30.011552819538586 0.6687925064428273, 30.014125505367954 0.6675757166661023, 30.016566536757566 0.6661126187567739, 30.018852405240743 0.6644173031475193, 30.020961096654407 0.6625060966544098, 30.02287230314752 0.6603974052407457, 30.024567618756773 0.6581115367575685, 30.0260307166661 0.6556705053679539, 30.027247506442826 0.6530978195385876, 30.028206269736234 0.6504182556403795, 30.028897773131693 0.6476576193384678, 30.029315357073493 0.6448424970695573, 30.029455 0.642))",27163
52,Uganda - Tuyobei - 1011084,Bukwa,Tuyobei,1011084,Complete,In Service,2020,1709.0,1066.0,"POLYGON ((34.755114000000006 1.439188, 34.75497435707349 1.4363455029304426, 34.754556773131696 1.4335303806615323, 34.75386526973624 1.4307697443596206, 34.75290650644283 1.4280901804614123, 34.75168971666611 1.425517494632046, 34.75022661875678 1.4230764632424315, 34.74853130314752 1.4207905947592543, 34.74662009665441 1.41868190334559, 34.74451140524075 1.4167706968524805, 34.74222553675757 1.4150753812432262, 34.73978450536796 1.4136122833338975, 34.737211819538594 1.4123954935571725, 34.73453225564038 1.4114367302637658, 34.73177161933847 1.4107452268683063, 34.72895649706956 1.4103276429265061, 34.726114 1.410188, 34.723271502930444 1.4103276429265061, 34.72045638066154 1.4107452268683063, 34.717695744359624 1.4114367302637658, 34.71501618046141 1.4123954935571725, 34.71244349463205 1.4136122833338975, 34.71000246324243 1.4150753812432262, 34.707716594759255 1.4167706968524805, 34.705607903345594 1.41868190334559, 34.70369669685248 1.4207905947592543, 34.70200138124323 1.4230764632424315, 34.7005382833339 1.425517494632046, 34.69932149355718 1.4280901804614123, 34.69836273026377 1.4307697443596206, 34.69767122686831 1.4335303806615323, 34.69725364292651 1.4363455029304426, 34.697114 1.439188, 34.69725364292651 1.4420304970695572, 34.69767122686831 1.4448456193384676, 34.69836273026377 1.4476062556403793, 34.69932149355718 1.4502858195385875, 34.7005382833339 1.452858505367954, 34.70200138124323 1.4552995367575683, 34.70369669685248 1.4575854052407455, 34.705607903345594 1.4596940966544099, 34.707716594759255 1.4616053031475194, 34.71000246324243 1.4633006187567736, 34.71244349463205 1.4647637166661023, 34.71501618046141 1.4659805064428273, 34.717695744359624 1.466939269736234, 34.72045638066154 1.4676307731316935, 34.723271502930444 1.4680483570734937, 34.726114 1.4681879999999998, 34.72895649706956 1.4680483570734937, 34.73177161933847 1.4676307731316935, 34.73453225564038 1.466939269736234, 34.737211819538594 1.4659805064428273, 34.73978450536796 1.4647637166661023, 34.74222553675757 1.4633006187567736, 34.74451140524075 1.4616053031475194, 34.74662009665441 1.4596940966544099, 34.74853130314752 1.4575854052407458, 34.75022661875678 1.4552995367575683, 34.75168971666611 1.452858505367954, 34.75290650644283 1.4502858195385875, 34.75386526973624 1.4476062556403793, 34.754556773131696 1.4448456193384676, 34.75497435707349 1.4420304970695572, 34.755114000000006 1.439188))",6225
72,Uganda - Mihani-Karichadi - 1014455,Kasese,Mihani-Karichadi,1014455,Complete,In Service,2022,5195.0,,"POLYGON ((30.168073 0.464045, 30.167933357073494 0.4612025029304427, 30.167515773131694 0.4583873806615323, 30.166824269736235 0.4556267443596206, 30.165865506442827 0.4529471804614124, 30.1646487166661 0.450374494632046, 30.163185618756774 0.4479334632424315, 30.16149030314752 0.4456475947592542, 30.159579096654408 0.4435389033455901, 30.157470405240744 0.4416276968524806, 30.155184536757567 0.4399323812432262, 30.152743505367955 0.4384692833338977, 30.150170819538587 0.4372524935571727, 30.14749125564038 0.4362937302637659, 30.144730619338468 0.4356022268683063, 30.141915497069558 0.4351846429265063, 30.139073 0.435045, 30.13623050293044 0.4351846429265063, 30.133415380661532 0.4356022268683063, 30.13065474435962 0.4362937302637659, 30.127975180461412 0.4372524935571727, 30.125402494632045 0.4384692833338977, 30.122961463242433 0.4399323812432261, 30.120675594759255 0.4416276968524806, 30.11856690334559 0.4435389033455901, 30.11665569685248 0.4456475947592542, 30.114960381243225 0.4479334632424315, 30.1134972833339 0.450374494632046, 30.112280493557172 0.4529471804614124, 30.111321730263764 0.4556267443596206, 30.110630226868306 0.4583873806615322, 30.110212642926506 0.4612025029304427, 30.110073 0.464045, 30.110212642926506 0.4668874970695572, 30.110630226868306 0.4697026193384677, 30.111321730263764 0.4724632556403794, 30.112280493557172 0.4751428195385876, 30.1134972833339 0.4777155053679539, 30.114960381243225 0.4801565367575684, 30.11665569685248 0.4824424052407457, 30.11856690334559 0.4845510966544099, 30.120675594759255 0.4864623031475194, 30.122961463242433 0.4881576187567738, 30.125402494632045 0.4896207166661023, 30.127975180461412 0.4908375064428273, 30.13065474435962 0.491796269736234, 30.133415380661532 0.4924877731316937, 30.13623050293044 0.4929053570734937, 30.139073 0.493045, 30.141915497069558 0.4929053570734937, 30.144730619338468 0.4924877731316937, 30.14749125564038 0.491796269736234, 30.150170819538587 0.4908375064428273, 30.152743505367955 0.4896207166661023, 30.155184536757567 0.4881576187567738, 30.157470405240744 0.4864623031475194, 30.159579096654408 0.4845510966544099, 30.16149030314752 0.4824424052407457, 30.163185618756774 0.4801565367575685, 30.1646487166661 0.4777155053679539, 30.165865506442827 0.4751428195385876, 30.166824269736235 0.4724632556403794, 30.167515773131694 0.4697026193384677, 30.167933357073494 0.4668874970695572, 30.168073 0.464045))",8350
82,Uganda - Kikuyu - 1011474,Bulambuli,Kikuyu,1011474,Complete,In Service,2020,2521.0,5742.0,"POLYGON ((34.341632000000004 1.273242, 34.34149235707349 1.2703995029304427, 34.341074773131695 1.2675843806615323, 34.340383269736236 1.2648237443596206, 34.339424506442825 1.2621441804614124, 34.338207716666105 1.259571494632046, 34.336744618756775 1.2571304632424316, 34.33504930314752 1.2548445947592544, 34.33313809665441 1.25273590334559, 34.33102940524075 1.2508246968524805, 34.32874353675757 1.2491293812432263, 34.326302505367956 1.2476662833338976, 34.32372981953859 1.2464494935571726, 34.32105025564038 1.2454907302637659, 34.318289619338465 1.2447992268683064, 34.31547449706956 1.2443816429265062, 34.312632 1.244242, 34.30978950293044 1.2443816429265062, 34.306974380661536 1.2447992268683064, 34.30421374435962 1.2454907302637659, 34.30153418046141 1.2464494935571726, 34.298961494632046 1.2476662833338976, 34.29652046324243 1.2491293812432263, 34.29423459475925 1.2508246968524805, 34.29212590334559 1.25273590334559, 34.29021469685248 1.2548445947592544, 34.288519381243226 1.2571304632424316, 34.2870562833339 1.259571494632046, 34.28583949355718 1.2621441804614124, 34.284880730263765 1.2648237443596206, 34.28418922686831 1.2675843806615323, 34.28377164292651 1.2703995029304427, 34.283632 1.273242, 34.28377164292651 1.2760844970695573, 34.28418922686831 1.2788996193384676, 34.284880730263765 1.2816602556403793, 34.28583949355718 1.2843398195385876, 34.2870562833339 1.286912505367954, 34.288519381243226 1.2893535367575684, 34.29021469685248 1.2916394052407456, 34.29212590334559 1.29374809665441, 34.29423459475925 1.2956593031475194, 34.29652046324243 1.2973546187567737, 34.298961494632046 1.2988177166661024, 34.30153418046141 1.3000345064428274, 34.30421374435962 1.300993269736234, 34.306974380661536 1.3016847731316936, 34.30978950293044 1.3021023570734938, 34.312632 1.302242, 34.31547449706956 1.3021023570734938, 34.318289619338465 1.3016847731316936, 34.32105025564038 1.300993269736234, 34.32372981953859 1.3000345064428274, 34.326302505367956 1.2988177166661024, 34.32874353675757 1.2973546187567737, 34.33102940524075 1.2956593031475194, 34.33313809665441 1.29374809665441, 34.33504930314752 1.2916394052407458, 34.336744618756775 1.2893535367575684, 34.338207716666105 1.286912505367954, 34.339424506442825 1.2843398195385876, 34.340383269736236 1.2816602556403793, 34.341074773131695 1.2788996193384676, 34.34149235707349 1.2760844970695573, 34.341632000000004 1.273242))",43177
90,Uganda - Sanzara - 1010460,Kapchorwa,Sanzara,1010460,Complete,In Service,2020,1730.0,1880.0,"POLYGON ((34.3633225 1.373657, 34.36318285707349 1.3708145029304426, 34.36276527313169 1.3679993806615323, 34.362073769736234 1.3652387443596206, 34.36111500644282 1.3625591804614123, 34.3598982166661 1.359986494632046, 34.35843511875677 1.3575454632424315, 34.35673980314752 1.3552595947592543, 34.35482859665441 1.35315090334559, 34.35271990524075 1.3512396968524805, 34.35043403675757 1.3495443812432262, 34.347993005367954 1.3480812833338975, 34.34542031953859 1.3468644935571725, 34.34274075564038 1.3459057302637658, 34.33998011933846 1.3452142268683063, 34.33716499706956 1.3447966429265061, 34.3343225 1.344657, 34.33148000293044 1.3447966429265061, 34.328664880661535 1.3452142268683063, 34.32590424435962 1.3459057302637658, 34.32322468046141 1.3468644935571725, 34.320651994632044 1.3480812833338975, 34.31821096324243 1.3495443812432262, 34.31592509475925 1.3512396968524805, 34.31381640334559 1.35315090334559, 34.31190519685248 1.3552595947592543, 34.310209881243225 1.3575454632424315, 34.308746783333895 1.359986494632046, 34.307529993557175 1.3625591804614123, 34.30657123026376 1.3652387443596206, 34.305879726868305 1.3679993806615323, 34.30546214292651 1.3708145029304426, 34.305322499999996 1.373657, 34.30546214292651 1.3764994970695572, 34.305879726868305 1.3793146193384676, 34.30657123026376 1.3820752556403793, 34.307529993557175 1.3847548195385875, 34.308746783333895 1.387327505367954, 34.310209881243225 1.3897685367575683, 34.31190519685248 1.3920544052407455, 34.31381640334559 1.3941630966544099, 34.31592509475925 1.3960743031475193, 34.31821096324243 1.3977696187567736, 34.320651994632044 1.3992327166661023, 34.32322468046141 1.4004495064428273, 34.32590424435962 1.401408269736234, 34.328664880661535 1.4020997731316935, 34.33148000293044 1.4025173570734937, 34.3343225 1.4026569999999998, 34.33716499706956 1.4025173570734937, 34.33998011933846 1.4020997731316935, 34.34274075564038 1.401408269736234, 34.34542031953859 1.4004495064428273, 34.347993005367954 1.3992327166661023, 34.35043403675757 1.3977696187567736, 34.35271990524075 1.3960743031475193, 34.35482859665441 1.3941630966544099, 34.35673980314752 1.3920544052407458, 34.35843511875677 1.3897685367575683, 34.3598982166661 1.387327505367954, 34.36111500644282 1.3847548195385875, 34.362073769736234 1.3820752556403793, 34.36276527313169 1.3793146193384676, 34.36318285707349 1.3764994970695572, 34.3633225 1.373657))",9097
106,Uganda - Kawuswo - 1011085,Bukwa,Kawuswo,1011085,Complete,In Service,2020,1374.0,27.0,"POLYGON ((34.751360000000005 1.419135, 34.75122035707349 1.4162925029304427, 34.750802773131696 1.4134773806615324, 34.75011126973624 1.4107167443596207, 34.749152506442826 1.4080371804614125, 34.747935716666106 1.405464494632046, 34.746472618756776 1.4030234632424317, 34.74477730314752 1.4007375947592544, 34.74286609665441 1.39862890334559, 34.74075740524075 1.3967176968524806, 34.73847153675757 1.3950223812432263, 34.73603050536796 1.3935592833338977, 34.73345781953859 1.3923424935571727, 34.73077825564038 1.391383730263766, 34.728017619338466 1.3906922268683064, 34.72520249706956 1.3902746429265063, 34.72236 1.3901350000000001, 34.719517502930444 1.3902746429265063, 34.71670238066154 1.3906922268683064, 34.71394174435962 1.391383730263766, 34.71126218046141 1.3923424935571727, 34.70868949463205 1.3935592833338977, 34.70624846324243 1.3950223812432263, 34.703962594759254 1.3967176968524806, 34.701853903345594 1.39862890334559, 34.69994269685248 1.4007375947592544, 34.69824738124323 1.4030234632424317, 34.6967842833339 1.405464494632046, 34.69556749355718 1.4080371804614125, 34.69460873026377 1.4107167443596207, 34.69391722686831 1.4134773806615324, 34.69349964292651 1.4162925029304427, 34.69336 1.419135, 34.69349964292651 1.4219774970695573, 34.69391722686831 1.4247926193384677, 34.69460873026377 1.4275532556403794, 34.69556749355718 1.4302328195385876, 34.6967842833339 1.432805505367954, 34.69824738124323 1.4352465367575684, 34.69994269685248 1.4375324052407457, 34.701853903345594 1.43964109665441, 34.703962594759254 1.4415523031475195, 34.70624846324243 1.4432476187567738, 34.70868949463205 1.4447107166661024, 34.71126218046141 1.4459275064428274, 34.71394174435962 1.4468862697362341, 34.71670238066154 1.4475777731316937, 34.719517502930444 1.4479953570734938, 34.72236 1.448135, 34.72520249706956 1.4479953570734938, 34.728017619338466 1.4475777731316937, 34.73077825564038 1.4468862697362341, 34.73345781953859 1.4459275064428274, 34.73603050536796 1.4447107166661024, 34.73847153675757 1.4432476187567738, 34.74075740524075 1.4415523031475195, 34.74286609665441 1.43964109665441, 34.74477730314752 1.4375324052407459, 34.746472618756776 1.4352465367575684, 34.747935716666106 1.432805505367954, 34.749152506442826 1.4302328195385876, 34.75011126973624 1.4275532556403794, 34.750802773131696 1.4247926193384677, 34.75122035707349 1.4219774970695573, 34.751360000000005 1.419135))",3277
158,Uganda - Kama - UG101,Mbale,Kama,UG101,Complete,In Service,2018,5280.0,16243.0,"POLYGON ((34.28146 1.11633, 34.28132035707349 1.1134875029304427, 34.28090277313169 1.1106723806615324, 34.280211269736235 1.1079117443596207, 34.27925250644282 1.1052321804614125, 34.2780357166661 1.102659494632046, 34.276572618756774 1.1002184632424317, 34.27487730314752 1.0979325947592544, 34.27296609665441 1.09582390334559, 34.27085740524075 1.0939126968524806, 34.26857153675757 1.0922173812432263, 34.266130505367954 1.0907542833338977, 34.26355781953859 1.0895374935571727, 34.26087825564038 1.088578730263766, 34.258117619338464 1.0878872268683064, 34.25530249706956 1.0874696429265063, 34.25246 1.0873300000000001, 34.24961750293044 1.0874696429265063, 34.246802380661535 1.0878872268683064, 34.24404174435962 1.088578730263766, 34.24136218046141 1.0895374935571727, 34.238789494632044 1.0907542833338977, 34.23634846324243 1.0922173812432263, 34.23406259475925 1.0939126968524806, 34.23195390334559 1.09582390334559, 34.23004269685248 1.0979325947592544, 34.228347381243225 1.1002184632424317, 34.226884283333895 1.102659494632046, 34.225667493557175 1.1052321804614125, 34.224708730263764 1.1079117443596207, 34.224017226868305 1.1106723806615324, 34.22359964292651 1.1134875029304427, 34.223459999999996 1.11633, 34.22359964292651 1.1191724970695573, 34.224017226868305 1.1219876193384677, 34.224708730263764 1.1247482556403794, 34.225667493557175 1.1274278195385876, 34.226884283333895 1.130000505367954, 34.228347381243225 1.1324415367575684, 34.23004269685248 1.1347274052407457, 34.23195390334559 1.13683609665441, 34.23406259475925 1.1387473031475195, 34.23634846324243 1.1404426187567738, 34.238789494632044 1.1419057166661024, 34.24136218046141 1.1431225064428274, 34.24404174435962 1.1440812697362341, 34.246802380661535 1.1447727731316937, 34.24961750293044 1.1451903570734938, 34.25246 1.14533, 34.25530249706956 1.1451903570734938, 34.258117619338464 1.1447727731316937, 34.26087825564038 1.1440812697362341, 34.26355781953859 1.1431225064428274, 34.266130505367954 1.1419057166661024, 34.26857153675757 1.1404426187567738, 34.27085740524075 1.1387473031475195, 34.27296609665441 1.13683609665441, 34.27487730314752 1.1347274052407457, 34.276572618756774 1.1324415367575684, 34.2780357166661 1.130000505367954, 34.27925250644282 1.1274278195385876, 34.280211269736235 1.1247482556403794, 34.28090277313169 1.1219876193384677, 34.28132035707349 1.1191724970695573, 34.28146 1.11633))",44875
190,Uganda - Mugume - 1038791,Buliisa,Mugume,1038791,Complete,,2023,3096.0,,"POLYGON ((31.4058 1.731617, 31.405660357073494 1.7287745029304427, 31.405242773131693 1.7259593806615323, 31.404551269736235 1.7231987443596206, 31.403592506442827 1.7205191804614124, 31.4023757166661 1.717946494632046, 31.400912618756774 1.7155054632424316, 31.39921730314752 1.7132195947592543, 31.397306096654408 1.71111090334559, 31.395197405240744 1.7091996968524805, 31.392911536757566 1.7075043812432262, 31.390470505367954 1.7060412833338976, 31.387897819538587 1.7048244935571726, 31.38521825564038 1.7038657302637659, 31.382457619338467 1.7031742268683063, 31.379642497069558 1.7027566429265062, 31.3768 1.702617, 31.37395750293044 1.7027566429265062, 31.37114238066153 1.7031742268683063, 31.36838174435962 1.7038657302637659, 31.365702180461412 1.7048244935571726, 31.363129494632044 1.7060412833338976, 31.360688463242433 1.7075043812432262, 31.358402594759255 1.7091996968524805, 31.35629390334559 1.71111090334559, 31.35438269685248 1.7132195947592543, 31.352687381243225 1.7155054632424316, 31.3512242833339 1.717946494632046, 31.35000749355717 1.7205191804614124, 31.349048730263764 1.7231987443596206, 31.348357226868306 1.7259593806615323, 31.347939642926505 1.7287745029304427, 31.3478 1.731617, 31.347939642926505 1.7344594970695573, 31.348357226868306 1.7372746193384676, 31.349048730263764 1.7400352556403793, 31.35000749355717 1.7427148195385875, 31.3512242833339 1.745287505367954, 31.352687381243225 1.7477285367575683, 31.35438269685248 1.7500144052407456, 31.35629390334559 1.75212309665441, 31.358402594759255 1.7540343031475194, 31.360688463242433 1.7557296187567737, 31.363129494632044 1.7571927166661023, 31.365702180461412 1.7584095064428273, 31.36838174435962 1.759368269736234, 31.37114238066153 1.7600597731316936, 31.37395750293044 1.7604773570734937, 31.3768 1.7606169999999999, 31.379642497069558 1.7604773570734937, 31.382457619338467 1.7600597731316936, 31.38521825564038 1.759368269736234, 31.387897819538587 1.7584095064428273, 31.390470505367954 1.7571927166661023, 31.392911536757566 1.7557296187567737, 31.395197405240744 1.7540343031475194, 31.397306096654408 1.75212309665441, 31.39921730314752 1.7500144052407456, 31.400912618756774 1.7477285367575683, 31.4023757166661 1.745287505367954, 31.403592506442827 1.7427148195385875, 31.404551269736235 1.7400352556403793, 31.405242773131693 1.7372746193384676, 31.405660357073494 1.7344594970695573, 31.4058 1.731617))",10010
236,Uganda - Tabagon - 1017617,Kween,Tabagon,1017617,Complete,In Service,2020,1245.0,,"POLYGON ((34.575568000000004 1.421969, 34.57542835707349 1.4191265029304427, 34.575010773131694 1.4163113806615324, 34.574319269736236 1.4135507443596207, 34.573360506442825 1.4108711804614125, 34.572143716666105 1.408298494632046, 34.570680618756775 1.4058574632424317, 34.56898530314752 1.4035715947592544, 34.56707409665441 1.40146290334559, 34.56496540524075 1.3995516968524806, 34.56267953675757 1.3978563812432263, 34.560238505367955 1.3963932833338977, 34.55766581953859 1.3951764935571727, 34.55498625564038 1.394217730263766, 34.552225619338465 1.3935262268683064, 34.54941049706956 1.3931086429265063, 34.546568 1.3929690000000001, 34.54372550293044 1.3931086429265063, 34.540910380661536 1.3935262268683064, 34.53814974435962 1.394217730263766, 34.53547018046141 1.3951764935571727, 34.532897494632046 1.3963932833338977, 34.53045646324243 1.3978563812432263, 34.52817059475925 1.3995516968524806, 34.52606190334559 1.40146290334559, 34.52415069685248 1.4035715947592544, 34.522455381243226 1.4058574632424317, 34.5209922833339 1.408298494632046, 34.51977549355718 1.4108711804614125, 34.518816730263765 1.4135507443596207, 34.51812522686831 1.4163113806615324, 34.51770764292651 1.4191265029304427, 34.517568 1.421969, 34.51770764292651 1.4248114970695573, 34.51812522686831 1.4276266193384677, 34.518816730263765 1.4303872556403794, 34.51977549355718 1.4330668195385876, 34.5209922833339 1.435639505367954, 34.522455381243226 1.4380805367575684, 34.52415069685248 1.4403664052407457, 34.52606190334559 1.44247509665441, 34.52817059475925 1.4443863031475195, 34.53045646324243 1.4460816187567738, 34.532897494632046 1.4475447166661024, 34.53547018046141 1.4487615064428274, 34.53814974435962 1.4497202697362341, 34.540910380661536 1.4504117731316937, 34.54372550293044 1.4508293570734938, 34.546568 1.450969, 34.54941049706956 1.4508293570734938, 34.552225619338465 1.4504117731316937, 34.55498625564038 1.4497202697362341, 34.55766581953859 1.4487615064428274, 34.560238505367955 1.4475447166661024, 34.56267953675757 1.4460816187567738, 34.56496540524075 1.4443863031475195, 34.56707409665441 1.44247509665441, 34.56898530314752 1.4403664052407459, 34.570680618756775 1.4380805367575684, 34.572143716666105 1.435639505367954, 34.573360506442825 1.4330668195385876, 34.574319269736236 1.4303872556403794, 34.575010773131694 1.4276266193384677, 34.57542835707349 1.4248114970695573, 34.575568000000004 1.421969))",13923
242,Uganda - Aryowet - 1021288,Bukwo,Aryowet,1021288,Complete,In Service,2021,1666.0,,"POLYGON ((34.729049 1.390363, 34.72890935707349 1.3875205029304427, 34.728491773131694 1.3847053806615324, 34.727800269736235 1.3819447443596207, 34.726841506442824 1.3792651804614124, 34.725624716666104 1.376692494632046, 34.724161618756774 1.3742514632424316, 34.72246630314752 1.3719655947592544, 34.72055509665441 1.36985690334559, 34.71844640524075 1.3679456968524806, 34.71616053675757 1.3662503812432263, 34.713719505367955 1.3647872833338976, 34.71114681953859 1.3635704935571726, 34.70846725564038 1.362611730263766, 34.705706619338464 1.3619202268683064, 34.70289149706956 1.3615026429265062, 34.700049 1.361363, 34.69720650293044 1.3615026429265062, 34.694391380661536 1.3619202268683064, 34.69163074435962 1.362611730263766, 34.68895118046141 1.3635704935571726, 34.686378494632045 1.3647872833338976, 34.68393746324243 1.3662503812432263, 34.68165159475925 1.3679456968524806, 34.67954290334559 1.36985690334559, 34.67763169685248 1.3719655947592544, 34.675936381243226 1.3742514632424316, 34.674473283333896 1.376692494632046, 34.673256493557176 1.3792651804614124, 34.672297730263764 1.3819447443596207, 34.671606226868306 1.3847053806615324, 34.67118864292651 1.3875205029304427, 34.671049 1.390363, 34.67118864292651 1.3932054970695573, 34.671606226868306 1.3960206193384677, 34.672297730263764 1.3987812556403794, 34.673256493557176 1.4014608195385876, 34.674473283333896 1.404033505367954, 34.675936381243226 1.4064745367575684, 34.67763169685248 1.4087604052407456, 34.67954290334559 1.41086909665441, 34.68165159475925 1.4127803031475195, 34.68393746324243 1.4144756187567737, 34.686378494632045 1.4159387166661024, 34.68895118046141 1.4171555064428274, 34.69163074435962 1.4181142697362341, 34.694391380661536 1.4188057731316936, 34.69720650293044 1.4192233570734938, 34.700049 1.419363, 34.70289149706956 1.4192233570734938, 34.705706619338464 1.4188057731316936, 34.70846725564038 1.4181142697362341, 34.71114681953859 1.4171555064428274, 34.713719505367955 1.4159387166661024, 34.71616053675757 1.4144756187567737, 34.71844640524075 1.4127803031475195, 34.72055509665441 1.41086909665441, 34.72246630314752 1.4087604052407459, 34.724161618756774 1.4064745367575684, 34.725624716666104 1.404033505367954, 34.726841506442824 1.4014608195385876, 34.727800269736235 1.3987812556403794, 34.728491773131694 1.3960206193384677, 34.72890935707349 1.3932054970695573, 34.729049 1.390363))",4736
253,Uganda - Ndoragi 1- Nyamirima lower - 1021784,Ibanda,Ndoragi 1- Nyamirima lower,1021784,Complete,In Service,2022,13100.0,,"POLYGON ((30.5582606 -0.1880372, 30.558120957073495 -0.1908796970695572, 30.557703373131694 -0.1936948193384677, 30.557011869736236 -0.1964554556403794, 30.55605310644283 -0.1991350195385876, 30.5548363166661 -0.2017077053679539, 30.553373218756775 -0.2041487367575684, 30.55167790314752 -0.2064346052407457, 30.54976669665441 -0.2085432966544099, 30.547658005240745 -0.2104545031475194, 30.545372136757567 -0.2121498187567738, 30.542931105367956 -0.2136129166661023, 30.540358419538588 -0.2148297064428273, 30.53767885564038 -0.2157884697362341, 30.53491821933847 -0.2164799731316937, 30.53210309706956 -0.2168975570734937, 30.5292606 -0.2170372, 30.526418102930442 -0.2168975570734937, 30.523602980661533 -0.2164799731316937, 30.52084234435962 -0.2157884697362341, 30.518162780461413 -0.2148297064428273, 30.515590094632046 -0.2136129166661023, 30.513149063242434 -0.2121498187567738, 30.510863194759256 -0.2104545031475194, 30.508754503345592 -0.2085432966544099, 30.50684329685248 -0.2064346052407457, 30.505147981243226 -0.2041487367575684, 30.5036848833339 -0.2017077053679539, 30.502468093557173 -0.1991350195385876, 30.501509330263765 -0.1964554556403794, 30.500817826868307 -0.1936948193384677, 30.500400242926506 -0.1908796970695573, 30.5002606 -0.1880372, 30.500400242926506 -0.1851947029304427, 30.500817826868307 -0.1823795806615323, 30.501509330263765 -0.1796189443596206, 30.502468093557173 -0.1769393804614124, 30.5036848833339 -0.174366694632046, 30.505147981243226 -0.1719256632424315, 30.50684329685248 -0.1696397947592543, 30.508754503345592 -0.1675311033455901, 30.510863194759256 -0.1656198968524806, 30.513149063242434 -0.1639245812432262, 30.515590094632046 -0.1624614833338977, 30.518162780461413 -0.1612446935571727, 30.52084234435962 -0.1602859302637659, 30.523602980661533 -0.1595944268683063, 30.526418102930442 -0.1591768429265063, 30.5292606 -0.1590372, 30.53210309706956 -0.1591768429265063, 30.53491821933847 -0.1595944268683063, 30.53767885564038 -0.1602859302637659, 30.540358419538588 -0.1612446935571727, 30.542931105367956 -0.1624614833338977, 30.545372136757567 -0.1639245812432262, 30.547658005240745 -0.1656198968524806, 30.54976669665441 -0.1675311033455901, 30.55167790314752 -0.1696397947592542, 30.553373218756775 -0.1719256632424315, 30.5548363166661 -0.174366694632046, 30.55605310644283 -0.1769393804614124, 30.557011869736236 -0.1796189443596206, 30.557703373131694 -0.1823795806615323, 30.558120957073495 -0.1851947029304427, 30.5582606 -0.1880372))",8227
262,Uganda - Korya - 1011116,Kween,Korya,1011116,Complete,In Service,2021,1160.0,4853.0,"POLYGON ((34.529075000000006 1.410182, 34.52893535707349 1.4073395029304427, 34.528517773131696 1.4045243806615324, 34.52782626973624 1.4017637443596207, 34.52686750644283 1.3990841804614125, 34.52565071666611 1.396511494632046, 34.52418761875678 1.3940704632424317, 34.52249230314752 1.3917845947592544, 34.52058109665441 1.38967590334559, 34.51847240524075 1.3877646968524806, 34.51618653675757 1.3860693812432263, 34.51374550536796 1.3846062833338977, 34.511172819538594 1.3833894935571727, 34.50849325564038 1.382430730263766, 34.50573261933847 1.3817392268683064, 34.50291749706956 1.3813216429265063, 34.500075 1.3811820000000001, 34.497232502930444 1.3813216429265063, 34.49441738066154 1.3817392268683064, 34.491656744359624 1.382430730263766, 34.48897718046141 1.3833894935571727, 34.48640449463205 1.3846062833338977, 34.48396346324243 1.3860693812432263, 34.481677594759255 1.3877646968524806, 34.479568903345594 1.38967590334559, 34.47765769685248 1.3917845947592544, 34.47596238124323 1.3940704632424317, 34.4744992833339 1.396511494632046, 34.47328249355718 1.3990841804614125, 34.47232373026377 1.4017637443596207, 34.47163222686831 1.4045243806615324, 34.47121464292651 1.4073395029304427, 34.471075 1.410182, 34.47121464292651 1.4130244970695574, 34.47163222686831 1.4158396193384677, 34.47232373026377 1.4186002556403794, 34.47328249355718 1.4212798195385876, 34.4744992833339 1.423852505367954, 34.47596238124323 1.4262935367575684, 34.47765769685248 1.4285794052407457, 34.479568903345594 1.43068809665441, 34.481677594759255 1.4325993031475195, 34.48396346324243 1.4342946187567738, 34.48640449463205 1.4357577166661024, 34.48897718046141 1.4369745064428274, 34.491656744359624 1.4379332697362341, 34.49441738066154 1.4386247731316937, 34.497232502930444 1.4390423570734938, 34.500075 1.439182, 34.50291749706956 1.4390423570734938, 34.50573261933847 1.4386247731316937, 34.50849325564038 1.4379332697362341, 34.511172819538594 1.4369745064428274, 34.51374550536796 1.4357577166661024, 34.51618653675757 1.4342946187567738, 34.51847240524075 1.4325993031475195, 34.52058109665441 1.43068809665441, 34.52249230314752 1.428579405240746, 34.52418761875678 1.4262935367575684, 34.52565071666611 1.423852505367954, 34.52686750644283 1.4212798195385876, 34.52782626973624 1.4186002556403794, 34.528517773131696 1.4158396193384677, 34.52893535707349 1.4130244970695574, 34.529075000000006 1.410182))",13990
275,Uganda - Banyal - 1011118,Kween,Banyal,1011118,Complete,In Service,2020,1489.0,5195.0,"POLYGON ((34.578231 1.423756, 34.57809135707349 1.4209135029304427, 34.57767377313169 1.4180983806615324, 34.576982269736234 1.4153377443596207, 34.57602350644282 1.4126581804614124, 34.5748067166661 1.410085494632046, 34.57334361875677 1.4076444632424316, 34.57164830314752 1.4053585947592544, 34.56973709665441 1.40324990334559, 34.56762840524075 1.4013386968524806, 34.56534253675757 1.3996433812432263, 34.562901505367954 1.3981802833338977, 34.56032881953859 1.3969634935571726, 34.55764925564038 1.396004730263766, 34.55488861933846 1.3953132268683064, 34.55207349706956 1.3948956429265063, 34.549231 1.394756, 34.54638850293044 1.3948956429265063, 34.543573380661535 1.3953132268683064, 34.54081274435962 1.396004730263766, 34.53813318046141 1.3969634935571726, 34.535560494632044 1.3981802833338977, 34.53311946324243 1.3996433812432263, 34.53083359475925 1.4013386968524806, 34.52872490334559 1.40324990334559, 34.52681369685248 1.4053585947592544, 34.525118381243225 1.4076444632424316, 34.523655283333895 1.410085494632046, 34.522438493557175 1.4126581804614124, 34.52147973026376 1.4153377443596207, 34.520788226868305 1.4180983806615324, 34.52037064292651 1.4209135029304427, 34.520230999999995 1.423756, 34.52037064292651 1.4265984970695573, 34.520788226868305 1.4294136193384677, 34.52147973026376 1.4321742556403794, 34.522438493557175 1.4348538195385876, 34.523655283333895 1.437426505367954, 34.525118381243225 1.4398675367575684, 34.52681369685248 1.4421534052407456, 34.52872490334559 1.44426209665441, 34.53083359475925 1.4461733031475195, 34.53311946324243 1.4478686187567738, 34.535560494632044 1.4493317166661024, 34.53813318046141 1.4505485064428274, 34.54081274435962 1.4515072697362341, 34.543573380661535 1.4521987731316937, 34.54638850293044 1.4526163570734938, 34.549231 1.452756, 34.55207349706956 1.4526163570734938, 34.55488861933846 1.4521987731316937, 34.55764925564038 1.4515072697362341, 34.56032881953859 1.4505485064428274, 34.562901505367954 1.4493317166661024, 34.56534253675757 1.4478686187567738, 34.56762840524075 1.4461733031475195, 34.56973709665441 1.44426209665441, 34.57164830314752 1.4421534052407456, 34.57334361875677 1.4398675367575684, 34.5748067166661 1.437426505367954, 34.57602350644282 1.4348538195385876, 34.576982269736234 1.4321742556403794, 34.57767377313169 1.4294136193384677, 34.57809135707349 1.4265984970695573, 34.578231 1.423756))",13427
276,Uganda - Kahama-Ndaragi - 1041111,Rukungiri,Kahama-Ndaragi,1041111,Complete,,2023,2850.0,,"POLYGON ((29.897137 -0.94088, 29.896997357073495 -0.9437224970695574, 29.896579773131695 -0.9465376193384678, 29.895888269736236 -0.9492982556403795, 29.89492950644283 -0.9519778195385876, 29.8937127166661 -0.9545505053679539, 29.892249618756775 -0.9569915367575685, 29.89055430314752 -0.9592774052407458, 29.88864309665441 -0.9613860966544099, 29.886534405240745 -0.9632973031475194, 29.884248536757568 -0.9649926187567739, 29.881807505367956 -0.9664557166661023, 29.87923481953859 -0.9676725064428273, 29.87655525564038 -0.9686312697362341, 29.87379461933847 -0.9693227731316937, 29.87097949706956 -0.9697403570734937, 29.868137 -0.9698800000000001, 29.865294502930443 -0.9697403570734937, 29.862479380661533 -0.9693227731316937, 29.859718744359622 -0.9686312697362341, 29.857039180461413 -0.9676725064428273, 29.854466494632046 -0.9664557166661023, 29.852025463242434 -0.9649926187567739, 29.849739594759257 -0.9632973031475194, 29.847630903345593 -0.9613860966544099, 29.84571969685248 -0.9592774052407458, 29.844024381243226 -0.9569915367575685, 29.8425612833339 -0.9545505053679539, 29.841344493557173 -0.9519778195385876, 29.840385730263765 -0.9492982556403795, 29.839694226868307 -0.9465376193384678, 29.839276642926507 -0.9437224970695574, 29.839137 -0.94088, 29.839276642926507 -0.9380375029304427, 29.839694226868307 -0.9352223806615323, 29.840385730263765 -0.9324617443596206, 29.841344493557173 -0.9297821804614125, 29.8425612833339 -0.9272094946320462, 29.844024381243226 -0.9247684632424316, 29.84571969685248 -0.9224825947592543, 29.847630903345593 -0.9203739033455902, 29.849739594759257 -0.9184626968524807, 29.852025463242434 -0.9167673812432262, 29.854466494632046 -0.9153042833338978, 29.857039180461413 -0.9140874935571728, 29.859718744359622 -0.913128730263766, 29.862479380661533 -0.9124372268683064, 29.865294502930443 -0.9120196429265064, 29.868137 -0.91188, 29.87097949706956 -0.9120196429265064, 29.87379461933847 -0.9124372268683064, 29.87655525564038 -0.913128730263766, 29.87923481953859 -0.9140874935571728, 29.881807505367956 -0.9153042833338978, 29.884248536757568 -0.9167673812432262, 29.886534405240745 -0.9184626968524807, 29.88864309665441 -0.9203739033455902, 29.89055430314752 -0.9224825947592543, 29.892249618756775 -0.9247684632424316, 29.8937127166661 -0.9272094946320462, 29.89492950644283 -0.9297821804614125, 29.895888269736236 -0.9324617443596206, 29.896579773131695 -0.9352223806615323, 29.896997357073495 -0.9380375029304427, 29.897137 -0.94088))",8442
280,Uganda - Waaki west-lokowaki - 1038790,Buliisa,Waaki west-lokowaki,1038790,Complete,In Service,2023,2900.0,,"POLYGON ((31.407287 1.725489, 31.407147357073494 1.7226465029304427, 31.406729773131694 1.7198313806615324, 31.406038269736236 1.7170707443596207, 31.405079506442828 1.7143911804614125, 31.4038627166661 1.711818494632046, 31.402399618756775 1.7093774632424317, 31.40070430314752 1.7070915947592544, 31.39879309665441 1.70498290334559, 31.396684405240745 1.7030716968524806, 31.394398536757567 1.7013763812432263, 31.391957505367955 1.6999132833338977, 31.389384819538588 1.6986964935571727, 31.38670525564038 1.697737730263766, 31.383944619338468 1.6970462268683064, 31.38112949706956 1.6966286429265063, 31.378287 1.6964890000000001, 31.375444502930442 1.6966286429265063, 31.372629380661532 1.6970462268683064, 31.36986874435962 1.697737730263766, 31.367189180461413 1.6986964935571727, 31.364616494632045 1.6999132833338977, 31.362175463242433 1.7013763812432263, 31.359889594759256 1.7030716968524806, 31.357780903345592 1.70498290334559, 31.35586969685248 1.7070915947592544, 31.354174381243226 1.7093774632424317, 31.3527112833339 1.711818494632046, 31.351494493557173 1.7143911804614125, 31.350535730263765 1.7170707443596207, 31.349844226868306 1.7198313806615324, 31.349426642926506 1.7226465029304427, 31.349287 1.725489, 31.349426642926506 1.7283314970695574, 31.349844226868306 1.7311466193384677, 31.350535730263765 1.7339072556403794, 31.351494493557173 1.7365868195385876, 31.3527112833339 1.739159505367954, 31.354174381243226 1.7416005367575684, 31.35586969685248 1.7438864052407457, 31.357780903345592 1.74599509665441, 31.359889594759256 1.7479063031475195, 31.362175463242433 1.7496016187567738, 31.364616494632045 1.7510647166661024, 31.367189180461413 1.7522815064428274, 31.36986874435962 1.7532402697362341, 31.372629380661532 1.7539317731316937, 31.375444502930442 1.7543493570734938, 31.378287 1.754489, 31.38112949706956 1.7543493570734938, 31.383944619338468 1.7539317731316937, 31.38670525564038 1.7532402697362341, 31.389384819538588 1.7522815064428274, 31.391957505367955 1.7510647166661024, 31.394398536757567 1.7496016187567738, 31.396684405240745 1.7479063031475195, 31.39879309665441 1.74599509665441, 31.40070430314752 1.7438864052407457, 31.402399618756775 1.7416005367575684, 31.4038627166661 1.739159505367954, 31.405079506442828 1.7365868195385876, 31.406038269736236 1.7339072556403794, 31.406729773131694 1.7311466193384677, 31.407147357073494 1.7283314970695574, 31.407287 1.725489))",10537
292,Uganda - Rwanda - 1015528,Bukwo,Rwanda,1015528,Complete,In Service,2019,1742.0,,"POLYGON ((34.755981000000006 1.283832, 34.75584135707349 1.2809895029304428, 34.755423773131696 1.2781743806615324, 34.75473226973624 1.2754137443596207, 34.753773506442826 1.2727341804614125, 34.752556716666106 1.270161494632046, 34.75109361875678 1.2677204632424317, 34.74939830314752 1.2654345947592545, 34.74748709665441 1.2633259033455901, 34.74537840524075 1.2614146968524806, 34.74309253675757 1.2597193812432264, 34.74065150536796 1.2582562833338977, 34.73807881953859 1.2570394935571727, 34.73539925564038 1.256080730263766, 34.732638619338466 1.2553892268683065, 34.72982349706956 1.2549716429265063, 34.726981 1.2548320000000002, 34.724138502930444 1.2549716429265063, 34.72132338066154 1.2553892268683065, 34.71856274435962 1.256080730263766, 34.71588318046141 1.2570394935571727, 34.71331049463205 1.2582562833338977, 34.71086946324243 1.2597193812432264, 34.708583594759254 1.2614146968524806, 34.706474903345594 1.2633259033455901, 34.70456369685248 1.2654345947592545, 34.70286838124323 1.2677204632424317, 34.7014052833339 1.270161494632046, 34.70018849355718 1.2727341804614125, 34.69922973026377 1.2754137443596207, 34.69853822686831 1.2781743806615324, 34.69812064292651 1.2809895029304428, 34.697981 1.283832, 34.69812064292651 1.2866744970695574, 34.69853822686831 1.2894896193384677, 34.69922973026377 1.2922502556403794, 34.70018849355718 1.2949298195385877, 34.7014052833339 1.297502505367954, 34.70286838124323 1.2999435367575685, 34.70456369685248 1.3022294052407457, 34.706474903345594 1.30433809665441, 34.708583594759254 1.3062493031475195, 34.71086946324243 1.3079446187567738, 34.71331049463205 1.3094077166661025, 34.71588318046141 1.3106245064428275, 34.71856274435962 1.3115832697362342, 34.72132338066154 1.3122747731316937, 34.724138502930444 1.3126923570734939, 34.726981 1.312832, 34.72982349706956 1.3126923570734939, 34.732638619338466 1.3122747731316937, 34.73539925564038 1.3115832697362342, 34.73807881953859 1.3106245064428275, 34.74065150536796 1.3094077166661025, 34.74309253675757 1.3079446187567738, 34.74537840524075 1.3062493031475195, 34.74748709665441 1.30433809665441, 34.74939830314752 1.302229405240746, 34.75109361875678 1.2999435367575685, 34.752556716666106 1.297502505367954, 34.753773506442826 1.2949298195385877, 34.75473226973624 1.2922502556403794, 34.755423773131696 1.2894896193384677, 34.75584135707349 1.2866744970695574, 34.755981000000006 1.283832))",24655
306,Uganda - Nganda- Bubwe - 1038749,Buliisa,Nganda- Bubwe,1038749,Complete,,2023,3254.0,,"POLYGON ((31.4618 1.777943, 31.461660357073495 1.7751005029304427, 31.461242773131694 1.7722853806615324, 31.460551269736236 1.7695247443596207, 31.459592506442828 1.7668451804614125, 31.4583757166661 1.764272494632046, 31.456912618756775 1.7618314632424317, 31.45521730314752 1.7595455947592544, 31.45330609665441 1.75743690334559, 31.451197405240745 1.7555256968524806, 31.448911536757567 1.7538303812432263, 31.446470505367955 1.7523672833338977, 31.443897819538588 1.7511504935571727, 31.44121825564038 1.750191730263766, 31.438457619338468 1.7495002268683064, 31.43564249706956 1.7490826429265063, 31.4328 1.7489430000000001, 31.429957502930442 1.7490826429265063, 31.427142380661532 1.7495002268683064, 31.42438174435962 1.750191730263766, 31.421702180461413 1.7511504935571727, 31.419129494632045 1.7523672833338977, 31.416688463242433 1.7538303812432263, 31.414402594759256 1.7555256968524806, 31.412293903345592 1.75743690334559, 31.41038269685248 1.7595455947592544, 31.408687381243226 1.7618314632424317, 31.4072242833339 1.764272494632046, 31.406007493557173 1.7668451804614125, 31.405048730263765 1.7695247443596207, 31.404357226868306 1.7722853806615324, 31.403939642926506 1.7751005029304427, 31.4038 1.777943, 31.403939642926506 1.7807854970695574, 31.404357226868306 1.7836006193384677, 31.405048730263765 1.7863612556403794, 31.406007493557173 1.7890408195385876, 31.4072242833339 1.791613505367954, 31.408687381243226 1.7940545367575684, 31.41038269685248 1.7963404052407457, 31.412293903345592 1.79844909665441, 31.414402594759256 1.8003603031475195, 31.416688463242433 1.8020556187567738, 31.419129494632045 1.8035187166661024, 31.421702180461413 1.8047355064428274, 31.42438174435962 1.8056942697362341, 31.427142380661532 1.8063857731316937, 31.429957502930442 1.8068033570734938, 31.4328 1.806943, 31.43564249706956 1.8068033570734938, 31.438457619338468 1.8063857731316937, 31.44121825564038 1.8056942697362341, 31.443897819538588 1.8047355064428274, 31.446470505367955 1.8035187166661024, 31.448911536757567 1.8020556187567738, 31.451197405240745 1.8003603031475195, 31.45330609665441 1.79844909665441, 31.45521730314752 1.7963404052407457, 31.456912618756775 1.7940545367575684, 31.4583757166661 1.791613505367954, 31.459592506442828 1.7890408195385876, 31.460551269736236 1.7863612556403794, 31.461242773131694 1.7836006193384677, 31.461660357073495 1.7807854970695574, 31.4618 1.777943))",6049
307,Uganda - Kapkwomboloi - 1011592,Kapchorwa,Kapkwomboloi,1011592,Complete,In Service,2019,693.0,1602.0,"POLYGON ((34.4032902 1.3947033, 34.40315055707349 1.3918608029304427, 34.40273297313169 1.3890456806615323, 34.40204146973623 1.3862850443596206, 34.40108270644282 1.3836054804614124, 34.3998659166661 1.381032794632046, 34.39840281875677 1.3785917632424316, 34.39670750314752 1.3763058947592544, 34.394796296654405 1.37419720334559, 34.392687605240745 1.3722859968524805, 34.39040173675757 1.3705906812432262, 34.38796070536795 1.3691275833338976, 34.38538801953859 1.3679107935571726, 34.382708455640376 1.3669520302637659, 34.37994781933846 1.3662605268683063, 34.377132697069555 1.3658429429265062, 34.3742902 1.3657033, 34.37144770293044 1.3658429429265062, 34.36863258066153 1.3662605268683063, 34.36587194435962 1.3669520302637659, 34.363192380461406 1.3679107935571726, 34.36061969463204 1.3691275833338976, 34.35817866324243 1.3705906812432262, 34.35589279475925 1.3722859968524805, 34.35378410334559 1.37419720334559, 34.35187289685248 1.3763058947592544, 34.35017758124322 1.3785917632424316, 34.34871448333389 1.381032794632046, 34.34749769355717 1.3836054804614124, 34.34653893026376 1.3862850443596206, 34.3458474268683 1.3890456806615323, 34.34542984292651 1.3918608029304427, 34.345290199999994 1.3947033, 34.34542984292651 1.3975457970695573, 34.3458474268683 1.4003609193384676, 34.34653893026376 1.4031215556403793, 34.34749769355717 1.4058011195385876, 34.34871448333389 1.408373805367954, 34.35017758124322 1.4108148367575684, 34.35187289685248 1.4131007052407456, 34.35378410334559 1.41520939665441, 34.35589279475925 1.4171206031475194, 34.35817866324243 1.4188159187567737, 34.36061969463204 1.4202790166661023, 34.363192380461406 1.4214958064428274, 34.36587194435962 1.422454569736234, 34.36863258066153 1.4231460731316936, 34.37144770293044 1.4235636570734937, 34.3742902 1.4237033, 34.377132697069555 1.4235636570734937, 34.37994781933846 1.4231460731316936, 34.382708455640376 1.422454569736234, 34.38538801953859 1.4214958064428274, 34.38796070536795 1.4202790166661023, 34.39040173675757 1.4188159187567737, 34.392687605240745 1.4171206031475194, 34.394796296654405 1.41520939665441, 34.39670750314752 1.4131007052407458, 34.39840281875677 1.4108148367575684, 34.3998659166661 1.408373805367954, 34.40108270644282 1.4058011195385876, 34.40204146973623 1.4031215556403793, 34.40273297313169 1.4003609193384676, 34.40315055707349 1.3975457970695573, 34.4032902 1.3947033))",7764
338,Uganda - Kibembe - 1008734,Sironko,Kibembe,1008734,Complete,In Service,2019,1791.0,8503.0,"POLYGON ((34.31812 1.2043, 34.31798035707349 1.2014575029304426, 34.31756277313169 1.1986423806615323, 34.31687126973623 1.1958817443596206, 34.31591250644282 1.1932021804614124, 34.3146957166661 1.190629494632046, 34.31323261875677 1.1881884632424315, 34.31153730314752 1.1859025947592543, 34.309626096654405 1.18379390334559, 34.307517405240745 1.1818826968524805, 34.30523153675757 1.1801873812432262, 34.30279050536795 1.1787242833338976, 34.30021781953859 1.1775074935571725, 34.297538255640376 1.1765487302637658, 34.29477761933846 1.1758572268683063, 34.291962497069555 1.1754396429265062, 34.28912 1.1753, 34.28627750293044 1.1754396429265062, 34.28346238066153 1.1758572268683063, 34.28070174435962 1.1765487302637658, 34.278022180461406 1.1775074935571725, 34.27544949463204 1.1787242833338976, 34.27300846324243 1.1801873812432262, 34.27072259475925 1.1818826968524805, 34.26861390334559 1.18379390334559, 34.26670269685248 1.1859025947592543, 34.26500738124322 1.1881884632424315, 34.26354428333389 1.190629494632046, 34.26232749355717 1.1932021804614124, 34.26136873026376 1.1958817443596206, 34.2606772268683 1.1986423806615323, 34.260259642926506 1.2014575029304426, 34.26011999999999 1.2043, 34.260259642926506 1.2071424970695572, 34.2606772268683 1.2099576193384676, 34.26136873026376 1.2127182556403793, 34.26232749355717 1.2153978195385875, 34.26354428333389 1.217970505367954, 34.26500738124322 1.2204115367575683, 34.26670269685248 1.2226974052407455, 34.26861390334559 1.2248060966544099, 34.27072259475925 1.2267173031475194, 34.27300846324243 1.2284126187567737, 34.27544949463204 1.2298757166661023, 34.278022180461406 1.2310925064428273, 34.28070174435962 1.232051269736234, 34.28346238066153 1.2327427731316936, 34.28627750293044 1.2331603570734937, 34.28912 1.2332999999999998, 34.291962497069555 1.2331603570734937, 34.29477761933846 1.2327427731316936, 34.297538255640376 1.232051269736234, 34.30021781953859 1.2310925064428273, 34.30279050536795 1.2298757166661023, 34.30523153675757 1.2284126187567737, 34.307517405240745 1.2267173031475194, 34.309626096654405 1.2248060966544099, 34.31153730314752 1.2226974052407455, 34.31323261875677 1.2204115367575683, 34.3146957166661 1.217970505367954, 34.31591250644282 1.2153978195385875, 34.31687126973623 1.2127182556403793, 34.31756277313169 1.2099576193384676, 34.31798035707349 1.2071424970695572, 34.31812 1.2043))",15301
356,Uganda - Namakhokolo - 1008776,Bududa,Namakhokolo,1008776,Complete,In Service,2018,4000.0,10114.0,"POLYGON ((34.309483 0.978583, 34.30934335707349 0.9757405029304427, 34.30892577313169 0.9729253806615322, 34.30823426973623 0.9701647443596205, 34.30727550644282 0.9674851804614124, 34.3060587166661 0.9649124946320461, 34.30459561875677 0.9624714632424315, 34.30290030314752 0.9601855947592542, 34.300989096654405 0.9580769033455901, 34.298880405240745 0.9561656968524807, 34.29659453675757 0.9544703812432261, 34.29415350536795 0.9530072833338977, 34.29158081953859 0.9517904935571727, 34.288901255640376 0.9508317302637659, 34.28614061933846 0.9501402268683063, 34.283325497069555 0.9497226429265063, 34.280483 0.949583, 34.27764050293044 0.9497226429265063, 34.27482538066153 0.9501402268683063, 34.27206474435962 0.9508317302637659, 34.269385180461406 0.9517904935571727, 34.26681249463204 0.9530072833338977, 34.264371463242426 0.9544703812432261, 34.26208559475925 0.9561656968524807, 34.25997690334559 0.9580769033455901, 34.258065696852476 0.9601855947592542, 34.25637038124322 0.9624714632424315, 34.25490728333389 0.9649124946320461, 34.25369049355717 0.9674851804614124, 34.25273173026376 0.9701647443596205, 34.2520402268683 0.9729253806615322, 34.251622642926506 0.9757405029304427, 34.25148299999999 0.978583, 34.251622642926506 0.9814254970695573, 34.2520402268683 0.9842406193384677, 34.25273173026376 0.9870012556403793, 34.25369049355717 0.9896808195385876, 34.25490728333389 0.9922535053679539, 34.25637038124322 0.9946945367575685, 34.258065696852476 0.9969804052407457, 34.25997690334559 0.9990890966544098, 34.26208559475925 1.0010003031475194, 34.264371463242426 1.0026956187567737, 34.26681249463204 1.0041587166661023, 34.269385180461406 1.0053755064428274, 34.27206474435962 1.006334269736234, 34.27482538066153 1.0070257731316936, 34.27764050293044 1.0074433570734938, 34.280483 1.007583, 34.283325497069555 1.0074433570734938, 34.28614061933846 1.0070257731316936, 34.288901255640376 1.006334269736234, 34.29158081953859 1.0053755064428274, 34.29415350536795 1.0041587166661023, 34.29659453675757 1.0026956187567737, 34.298880405240745 1.0010003031475194, 34.300989096654405 0.9990890966544098, 34.30290030314752 0.9969804052407457, 34.30459561875677 0.9946945367575685, 34.3060587166661 0.9922535053679539, 34.30727550644282 0.9896808195385876, 34.30823426973623 0.9870012556403794, 34.30892577313169 0.9842406193384677, 34.30934335707349 0.9814254970695573, 34.309483 0.978583))",34087
360,Uganda - Namawukulu - 1008780,Bududa,Namawukulu,1008780,Complete,In Service,2018,1300.0,11363.0,"POLYGON ((34.4306731 1.004485, 34.43053345707349 1.0016425029304428, 34.43011587313169 0.9988273806615323, 34.42942436973623 0.9960667443596206, 34.42846560644282 0.9933871804614125, 34.4272488166661 0.9908144946320462, 34.42578571875677 0.9883734632424316, 34.42409040314752 0.9860875947592543, 34.422179196654405 0.9839789033455902, 34.420070505240744 0.9820676968524807, 34.41778463675757 0.9803723812432262, 34.41534360536795 0.9789092833338978, 34.41277091953859 0.9776924935571728, 34.410091355640375 0.976733730263766, 34.40733071933846 0.9760422268683064, 34.404515597069555 0.9756246429265064, 34.4016731 0.975485, 34.39883060293044 0.9756246429265064, 34.39601548066153 0.9760422268683064, 34.39325484435962 0.976733730263766, 34.390575280461405 0.9776924935571728, 34.38800259463204 0.9789092833338978, 34.385561563242426 0.9803723812432262, 34.38327569475925 0.9820676968524807, 34.38116700334559 0.9839789033455902, 34.379255796852476 0.9860875947592543, 34.37756048124322 0.9883734632424316, 34.37609738333389 0.9908144946320462, 34.37488059355717 0.9933871804614125, 34.37392183026376 0.9960667443596206, 34.3732303268683 0.9988273806615323, 34.372812742926506 1.0016425029304428, 34.37267309999999 1.004485, 34.372812742926506 1.0073274970695574, 34.3732303268683 1.0101426193384677, 34.37392183026376 1.0129032556403794, 34.37488059355717 1.0155828195385876, 34.37609738333389 1.018155505367954, 34.37756048124322 1.0205965367575685, 34.379255796852476 1.0228824052407457, 34.38116700334559 1.02499109665441, 34.38327569475925 1.0269023031475195, 34.385561563242426 1.0285976187567738, 34.38800259463204 1.0300607166661024, 34.390575280461405 1.0312775064428275, 34.39325484435962 1.0322362697362342, 34.39601548066153 1.0329277731316937, 34.39883060293044 1.0333453570734938, 34.4016731 1.033485, 34.404515597069555 1.0333453570734938, 34.40733071933846 1.0329277731316937, 34.410091355640375 1.0322362697362342, 34.41277091953859 1.0312775064428275, 34.41534360536795 1.0300607166661024, 34.41778463675757 1.0285976187567738, 34.420070505240744 1.0269023031475195, 34.422179196654405 1.02499109665441, 34.42409040314752 1.022882405240746, 34.42578571875677 1.0205965367575685, 34.4272488166661 1.018155505367954, 34.42846560644282 1.0155828195385876, 34.42942436973623 1.0129032556403794, 34.43011587313169 1.0101426193384677, 34.43053345707349 1.0073274970695574, 34.4306731 1.004485))",23080
387,Uganda - Tongole - 1008762,Manafwa,Tongole,1008762,Complete,In Service,2019,3000.0,0.0,"POLYGON ((34.298100000000005 1.937883, 34.29796035707349 1.9350405029304427, 34.297542773131696 1.9322253806615324, 34.29685126973624 1.9294647443596207, 34.295892506442826 1.9267851804614125, 34.294675716666106 1.924212494632046, 34.293212618756776 1.9217714632424316, 34.29151730314752 1.9194855947592544, 34.28960609665441 1.91737690334559, 34.28749740524075 1.9154656968524806, 34.28521153675757 1.9137703812432263, 34.28277050536796 1.9123072833338977, 34.28019781953859 1.9110904935571726, 34.27751825564038 1.910131730263766, 34.274757619338466 1.9094402268683064, 34.27194249706956 1.9090226429265063, 34.2691 1.908883, 34.26625750293044 1.9090226429265063, 34.26344238066154 1.9094402268683064, 34.26068174435962 1.910131730263766, 34.25800218046141 1.9110904935571726, 34.25542949463205 1.9123072833338977, 34.25298846324243 1.9137703812432263, 34.250702594759254 1.9154656968524806, 34.24859390334559 1.91737690334559, 34.24668269685248 1.9194855947592544, 34.24498738124323 1.9217714632424316, 34.2435242833339 1.924212494632046, 34.24230749355718 1.9267851804614125, 34.241348730263766 1.9294647443596207, 34.24065722686831 1.9322253806615324, 34.24023964292651 1.9350405029304427, 34.2401 1.937883, 34.24023964292651 1.9407254970695573, 34.24065722686831 1.9435406193384677, 34.241348730263766 1.9463012556403794, 34.24230749355718 1.9489808195385876, 34.2435242833339 1.951553505367954, 34.24498738124323 1.9539945367575684, 34.24668269685248 1.9562804052407456, 34.24859390334559 1.95838909665441, 34.250702594759254 1.9603003031475195, 34.25298846324243 1.9619956187567738, 34.25542949463205 1.9634587166661024, 34.25800218046141 1.9646755064428274, 34.26068174435962 1.9656342697362341, 34.26344238066154 1.9663257731316937, 34.26625750293044 1.9667433570734938, 34.2691 1.966883, 34.27194249706956 1.9667433570734938, 34.274757619338466 1.9663257731316937, 34.27751825564038 1.9656342697362341, 34.28019781953859 1.9646755064428274, 34.28277050536796 1.9634587166661024, 34.28521153675757 1.9619956187567738, 34.28749740524075 1.9603003031475195, 34.28960609665441 1.95838909665441, 34.29151730314752 1.9562804052407459, 34.293212618756776 1.9539945367575684, 34.294675716666106 1.951553505367954, 34.295892506442826 1.9489808195385876, 34.29685126973624 1.9463012556403794, 34.297542773131696 1.9435406193384677, 34.29796035707349 1.9407254970695573, 34.298100000000005 1.937883))",1077
413,Uganda - Kihumuro B-kitomwire - 1022982,Kibaale,Kihumuro B-kitomwire,1022982,Complete,In Service,2021,9924.0,,"POLYGON ((30.90888 1.14271, 30.908740357073494 1.1398675029304426, 30.908322773131694 1.1370523806615322, 30.907631269736235 1.1342917443596205, 30.906672506442828 1.1316121804614123, 30.9054557166661 1.129039494632046, 30.903992618756774 1.1265984632424315, 30.90229730314752 1.1243125947592543, 30.900386096654408 1.12220390334559, 30.898277405240744 1.1202926968524805, 30.895991536757567 1.1185973812432262, 30.893550505367955 1.1171342833338975, 30.890977819538588 1.1159174935571725, 30.88829825564038 1.1149587302637658, 30.885537619338468 1.1142672268683063, 30.882722497069558 1.1138496429265061, 30.87988 1.11371, 30.877037502930442 1.1138496429265061, 30.874222380661532 1.1142672268683063, 30.87146174435962 1.1149587302637658, 30.868782180461412 1.1159174935571725, 30.866209494632045 1.1171342833338975, 30.863768463242433 1.1185973812432262, 30.861482594759256 1.1202926968524805, 30.859373903345592 1.12220390334559, 30.85746269685248 1.1243125947592543, 30.855767381243226 1.1265984632424315, 30.8543042833339 1.129039494632046, 30.853087493557172 1.1316121804614123, 30.852128730263765 1.1342917443596205, 30.851437226868306 1.1370523806615322, 30.851019642926506 1.1398675029304426, 30.85088 1.14271, 30.851019642926506 1.1455524970695572, 30.851437226868306 1.1483676193384675, 30.852128730263765 1.1511282556403792, 30.853087493557172 1.1538078195385875, 30.8543042833339 1.156380505367954, 30.855767381243226 1.1588215367575683, 30.85746269685248 1.1611074052407455, 30.859373903345592 1.1632160966544098, 30.861482594759256 1.1651273031475193, 30.863768463242433 1.1668226187567736, 30.866209494632045 1.1682857166661023, 30.868782180461412 1.1695025064428273, 30.87146174435962 1.170461269736234, 30.874222380661532 1.1711527731316935, 30.877037502930442 1.1715703570734937, 30.87988 1.1717099999999998, 30.882722497069558 1.1715703570734937, 30.885537619338468 1.1711527731316935, 30.88829825564038 1.170461269736234, 30.890977819538588 1.1695025064428273, 30.893550505367955 1.1682857166661023, 30.895991536757567 1.1668226187567736, 30.898277405240744 1.1651273031475193, 30.900386096654408 1.1632160966544098, 30.90229730314752 1.1611074052407457, 30.903992618756774 1.1588215367575683, 30.9054557166661 1.156380505367954, 30.906672506442828 1.1538078195385875, 30.907631269736235 1.1511282556403792, 30.908322773131694 1.1483676193384675, 30.908740357073494 1.1455524970695572, 30.90888 1.14271))",4748
418,Uganda - Posha - 1011154,Kween,Posha,1011154,Complete,In Service,2020,3380.0,8642.0,"POLYGON ((34.595279000000005 1.372294, 34.59513935707349 1.3694515029304426, 34.594721773131695 1.3666363806615323, 34.59403026973624 1.3638757443596206, 34.593071506442826 1.3611961804614123, 34.591854716666106 1.358623494632046, 34.590391618756776 1.3561824632424315, 34.58869630314752 1.3538965947592543, 34.58678509665441 1.35178790334559, 34.58467640524075 1.3498766968524805, 34.58239053675757 1.3481813812432262, 34.579949505367956 1.3467182833338975, 34.57737681953859 1.3455014935571725, 34.57469725564038 1.3445427302637658, 34.571936619338466 1.3438512268683063, 34.56912149706956 1.3434336429265061, 34.566279 1.343294, 34.56343650293044 1.3434336429265061, 34.56062138066154 1.3438512268683063, 34.55786074435962 1.3445427302637658, 34.55518118046141 1.3455014935571725, 34.55260849463205 1.3467182833338975, 34.55016746324243 1.3481813812432262, 34.547881594759254 1.3498766968524805, 34.54577290334559 1.35178790334559, 34.54386169685248 1.3538965947592543, 34.54216638124323 1.3561824632424315, 34.5407032833339 1.358623494632046, 34.53948649355718 1.3611961804614123, 34.538527730263766 1.3638757443596206, 34.53783622686831 1.3666363806615323, 34.53741864292651 1.3694515029304426, 34.537279 1.372294, 34.53741864292651 1.3751364970695572, 34.53783622686831 1.3779516193384675, 34.538527730263766 1.3807122556403792, 34.53948649355718 1.3833918195385875, 34.5407032833339 1.385964505367954, 34.54216638124323 1.3884055367575683, 34.54386169685248 1.3906914052407455, 34.54577290334559 1.3928000966544098, 34.547881594759254 1.3947113031475193, 34.55016746324243 1.3964066187567736, 34.55260849463205 1.3978697166661023, 34.55518118046141 1.3990865064428273, 34.55786074435962 1.400045269736234, 34.56062138066154 1.4007367731316935, 34.56343650293044 1.4011543570734937, 34.566279 1.4012939999999998, 34.56912149706956 1.4011543570734937, 34.571936619338466 1.4007367731316935, 34.57469725564038 1.400045269736234, 34.57737681953859 1.3990865064428273, 34.579949505367956 1.3978697166661023, 34.58239053675757 1.3964066187567736, 34.58467640524075 1.3947113031475193, 34.58678509665441 1.3928000966544098, 34.58869630314752 1.3906914052407457, 34.590391618756776 1.3884055367575683, 34.591854716666106 1.385964505367954, 34.593071506442826 1.3833918195385875, 34.59403026973624 1.3807122556403792, 34.594721773131695 1.3779516193384675, 34.59513935707349 1.3751364970695572, 34.595279000000005 1.372294))",14241
423,Uganda - Bundimulinga- Kijumbu - 1025075,Bundibugyo,Bundimulinga- Kijumbu,1025075,Complete,In Service,2022,23520.0,,"POLYGON ((30.025557 0.673549, 30.025417357073493 0.6707065029304426, 30.024999773131693 0.6678913806615322, 30.024308269736235 0.6651307443596205, 30.023349506442827 0.6624511804614124, 30.0221327166661 0.6598784946320461, 30.020669618756774 0.6574374632424315, 30.01897430314752 0.6551515947592542, 30.017063096654407 0.6530429033455901, 30.014954405240744 0.6511316968524806, 30.012668536757566 0.6494363812432261, 30.010227505367954 0.6479732833338977, 30.007654819538587 0.6467564935571727, 30.004975255640378 0.6457977302637659, 30.002214619338467 0.6451062268683063, 29.999399497069557 0.6446886429265063, 29.996557 0.6445489999999999, 29.99371450293044 0.6446886429265063, 29.99089938066153 0.6451062268683063, 29.98813874435962 0.6457977302637659, 29.98545918046141 0.6467564935571727, 29.982886494632044 0.6479732833338977, 29.980445463242432 0.6494363812432261, 29.978159594759255 0.6511316968524806, 29.97605090334559 0.6530429033455901, 29.97413969685248 0.6551515947592542, 29.972444381243225 0.6574374632424315, 29.9709812833339 0.6598784946320461, 29.96976449355717 0.6624511804614124, 29.968805730263764 0.6651307443596205, 29.968114226868305 0.6678913806615322, 29.967696642926505 0.6707065029304426, 29.967557 0.673549, 29.967696642926505 0.6763914970695573, 29.968114226868305 0.6792066193384677, 29.968805730263764 0.6819672556403793, 29.96976449355717 0.6846468195385875, 29.9709812833339 0.6872195053679538, 29.972444381243225 0.6896605367575684, 29.97413969685248 0.6919464052407457, 29.97605090334559 0.6940550966544098, 29.978159594759255 0.6959663031475193, 29.980445463242432 0.6976616187567738, 29.982886494632044 0.6991247166661022, 29.98545918046141 0.7003415064428272, 29.98813874435962 0.701300269736234, 29.99089938066153 0.7019917731316936, 29.99371450293044 0.7024093570734936, 29.996557 0.702549, 29.999399497069557 0.7024093570734936, 30.002214619338467 0.7019917731316936, 30.004975255640378 0.701300269736234, 30.007654819538587 0.7003415064428272, 30.010227505367954 0.6991247166661022, 30.012668536757566 0.6976616187567738, 30.014954405240744 0.6959663031475193, 30.017063096654407 0.6940550966544098, 30.01897430314752 0.6919464052407457, 30.020669618756774 0.6896605367575684, 30.0221327166661 0.6872195053679538, 30.023349506442827 0.6846468195385875, 30.024308269736235 0.6819672556403794, 30.024999773131693 0.6792066193384677, 30.025417357073493 0.6763914970695573, 30.025557 0.673549))",32695
424,Uganda - Chemuron - 1021307,Bukwo,Chemuron,1021307,Complete,In Service,2022,1211.0,,"POLYGON ((34.777919000000004 1.416775, 34.77777935707349 1.4139325029304426, 34.777361773131695 1.4111173806615323, 34.776670269736236 1.4083567443596205, 34.775711506442825 1.4056771804614123, 34.774494716666105 1.403104494632046, 34.773031618756775 1.4006634632424315, 34.77133630314752 1.3983775947592543, 34.76942509665441 1.39626890334559, 34.76731640524075 1.3943576968524805, 34.76503053675757 1.3926623812432262, 34.762589505367956 1.3911992833338975, 34.76001681953859 1.3899824935571725, 34.75733725564038 1.3890237302637658, 34.754576619338465 1.3883322268683063, 34.75176149706956 1.3879146429265061, 34.748919 1.387775, 34.74607650293044 1.3879146429265061, 34.74326138066154 1.3883322268683063, 34.74050074435962 1.3890237302637658, 34.73782118046141 1.3899824935571725, 34.735248494632046 1.3911992833338975, 34.73280746324243 1.3926623812432262, 34.73052159475925 1.3943576968524805, 34.72841290334559 1.39626890334559, 34.72650169685248 1.3983775947592543, 34.724806381243226 1.4006634632424315, 34.7233432833339 1.403104494632046, 34.72212649355718 1.4056771804614123, 34.721167730263765 1.4083567443596205, 34.72047622686831 1.4111173806615323, 34.72005864292651 1.4139325029304426, 34.719919 1.416775, 34.72005864292651 1.4196174970695572, 34.72047622686831 1.4224326193384675, 34.721167730263765 1.4251932556403792, 34.72212649355718 1.4278728195385875, 34.7233432833339 1.430445505367954, 34.724806381243226 1.4328865367575683, 34.72650169685248 1.4351724052407455, 34.72841290334559 1.4372810966544098, 34.73052159475925 1.4391923031475193, 34.73280746324243 1.4408876187567736, 34.735248494632046 1.4423507166661023, 34.73782118046141 1.4435675064428273, 34.74050074435962 1.444526269736234, 34.74326138066154 1.4452177731316935, 34.74607650293044 1.4456353570734937, 34.748919 1.4457749999999998, 34.75176149706956 1.4456353570734937, 34.754576619338465 1.4452177731316935, 34.75733725564038 1.444526269736234, 34.76001681953859 1.4435675064428273, 34.762589505367956 1.4423507166661023, 34.76503053675757 1.4408876187567736, 34.76731640524075 1.4391923031475193, 34.76942509665441 1.4372810966544098, 34.77133630314752 1.4351724052407455, 34.773031618756775 1.4328865367575683, 34.774494716666105 1.430445505367954, 34.775711506442825 1.4278728195385875, 34.776670269736236 1.4251932556403792, 34.777361773131695 1.4224326193384675, 34.77777935707349 1.4196174970695572, 34.777919000000004 1.416775))",2044
508,Uganda - Kabwe-Mutiti - 1013820,Bundibugyo,Kabwe-Mutiti,1013820,Complete,,2022,5845.0,,"POLYGON ((30.017178 0.591305, 30.017038357073496 0.5884625029304427, 30.016620773131695 0.5856473806615322, 30.015929269736237 0.5828867443596205, 30.01497050644283 0.5802071804614124, 30.013753716666102 0.5776344946320461, 30.012290618756776 0.5751934632424315, 30.01059530314752 0.5729075947592542, 30.00868409665441 0.5707989033455901, 30.006575405240746 0.5688876968524806, 30.004289536757568 0.5671923812432261, 30.001848505367956 0.5657292833338977, 29.99927581953859 0.5645124935571727, 29.99659625564038 0.5635537302637659, 29.99383561933847 0.5628622268683063, 29.99102049706956 0.5624446429265063, 29.988178 0.5623049999999999, 29.985335502930443 0.5624446429265063, 29.982520380661533 0.5628622268683063, 29.979759744359622 0.5635537302637659, 29.977080180461414 0.5645124935571727, 29.974507494632046 0.5657292833338977, 29.972066463242435 0.5671923812432261, 29.969780594759257 0.5688876968524806, 29.967671903345593 0.5707989033455901, 29.96576069685248 0.5729075947592542, 29.964065381243227 0.5751934632424315, 29.9626022833339 0.5776344946320461, 29.961385493557174 0.5802071804614124, 29.960426730263766 0.5828867443596205, 29.959735226868307 0.5856473806615322, 29.959317642926507 0.5884625029304427, 29.959178 0.591305, 29.959317642926507 0.5941474970695573, 29.959735226868307 0.5969626193384677, 29.960426730263766 0.5997232556403793, 29.961385493557174 0.6024028195385875, 29.9626022833339 0.6049755053679539, 29.964065381243227 0.6074165367575685, 29.96576069685248 0.6097024052407457, 29.967671903345593 0.6118110966544098, 29.969780594759257 0.6137223031475193, 29.972066463242435 0.6154176187567738, 29.974507494632046 0.6168807166661022, 29.977080180461414 0.6180975064428272, 29.979759744359622 0.6190562697362341, 29.982520380661533 0.6197477731316936, 29.985335502930443 0.6201653570734936, 29.988178 0.620305, 29.99102049706956 0.6201653570734936, 29.99383561933847 0.6197477731316936, 29.99659625564038 0.6190562697362341, 29.99927581953859 0.6180975064428272, 30.001848505367956 0.6168807166661022, 30.004289536757568 0.6154176187567738, 30.006575405240746 0.6137223031475193, 30.00868409665441 0.6118110966544098, 30.01059530314752 0.6097024052407457, 30.012290618756776 0.6074165367575685, 30.013753716666102 0.6049755053679539, 30.01497050644283 0.6024028195385875, 30.015929269736237 0.5997232556403794, 30.016620773131695 0.5969626193384677, 30.017038357073496 0.5941474970695573, 30.017178 0.591305))",4746
571,Uganda - Lulwo - 1011066,Bukwo,Lulwo,1011066,Complete,In Service,2019,1626.0,417.0,"POLYGON ((34.840307 1.304767, 34.84016735707349 1.3019245029304427, 34.83974977313169 1.2991093806615324, 34.839058269736235 1.2963487443596207, 34.83809950644282 1.2936691804614124, 34.8368827166661 1.291096494632046, 34.835419618756774 1.2886554632424316, 34.83372430314752 1.2863695947592544, 34.83181309665441 1.28426090334559, 34.82970440524075 1.2823496968524806, 34.82741853675757 1.2806543812432263, 34.824977505367954 1.2791912833338976, 34.82240481953859 1.2779744935571726, 34.81972525564038 1.277015730263766, 34.816964619338464 1.2763242268683064, 34.81414949706956 1.2759066429265062, 34.811307 1.275767, 34.80846450293044 1.2759066429265062, 34.805649380661535 1.2763242268683064, 34.80288874435962 1.277015730263766, 34.80020918046141 1.2779744935571726, 34.797636494632044 1.2791912833338976, 34.79519546324243 1.2806543812432263, 34.79290959475925 1.2823496968524806, 34.79080090334559 1.28426090334559, 34.78888969685248 1.2863695947592544, 34.787194381243225 1.2886554632424316, 34.785731283333895 1.291096494632046, 34.784514493557175 1.2936691804614124, 34.783555730263764 1.2963487443596207, 34.782864226868305 1.2991093806615324, 34.78244664292651 1.3019245029304427, 34.782306999999996 1.304767, 34.78244664292651 1.3076094970695573, 34.782864226868305 1.3104246193384677, 34.783555730263764 1.3131852556403794, 34.784514493557175 1.3158648195385876, 34.785731283333895 1.318437505367954, 34.787194381243225 1.3208785367575684, 34.78888969685248 1.3231644052407456, 34.79080090334559 1.32527309665441, 34.79290959475925 1.3271843031475195, 34.79519546324243 1.3288796187567737, 34.797636494632044 1.3303427166661024, 34.80020918046141 1.3315595064428274, 34.80288874435962 1.332518269736234, 34.805649380661535 1.3332097731316936, 34.80846450293044 1.3336273570734938, 34.811307 1.333767, 34.81414949706956 1.3336273570734938, 34.816964619338464 1.3332097731316936, 34.81972525564038 1.332518269736234, 34.82240481953859 1.3315595064428274, 34.824977505367954 1.3303427166661024, 34.82741853675757 1.3288796187567737, 34.82970440524075 1.3271843031475195, 34.83181309665441 1.32527309665441, 34.83372430314752 1.3231644052407456, 34.835419618756774 1.3208785367575684, 34.8368827166661 1.318437505367954, 34.83809950644282 1.3158648195385876, 34.839058269736235 1.3131852556403794, 34.83974977313169 1.3104246193384677, 34.84016735707349 1.3076094970695573, 34.840307 1.304767))",5262
578,Uganda - Ruboni-Kyambogho - 1036926,Kasese,Ruboni-Kyambogho,1036926,Complete,,2022,6046.0,,"POLYGON ((30.060165 0.338481, 30.060025357073496 0.3356385029304427, 30.059607773131695 0.3328233806615323, 30.058916269736237 0.3300627443596206, 30.05795750644283 0.3273831804614124, 30.056740716666102 0.324810494632046, 30.055277618756776 0.3223694632424315, 30.05358230314752 0.3200835947592542, 30.05167109665441 0.3179749033455901, 30.049562405240746 0.3160636968524806, 30.04727653675757 0.3143683812432262, 30.044835505367956 0.3129052833338977, 30.04226281953859 0.3116884935571726, 30.03958325564038 0.3107297302637659, 30.03682261933847 0.3100382268683063, 30.03400749706956 0.3096206429265063, 30.031165 0.309481, 30.028322502930443 0.3096206429265063, 30.025507380661534 0.3100382268683063, 30.022746744359623 0.3107297302637659, 30.020067180461414 0.3116884935571726, 30.017494494632047 0.3129052833338977, 30.015053463242435 0.3143683812432261, 30.012767594759257 0.3160636968524806, 30.010658903345593 0.3179749033455901, 30.00874769685248 0.3200835947592542, 30.007052381243227 0.3223694632424315, 30.0055892833339 0.324810494632046, 30.004372493557174 0.3273831804614124, 30.003413730263766 0.3300627443596206, 30.002722226868308 0.3328233806615322, 30.002304642926507 0.3356385029304427, 30.002165 0.338481, 30.002304642926507 0.3413234970695572, 30.002722226868308 0.3441386193384677, 30.003413730263766 0.3468992556403794, 30.004372493557174 0.3495788195385876, 30.0055892833339 0.3521515053679539, 30.007052381243227 0.3545925367575684, 30.00874769685248 0.3568784052407457, 30.010658903345593 0.3589870966544099, 30.012767594759257 0.3608983031475194, 30.015053463242435 0.3625936187567738, 30.017494494632047 0.3640567166661023, 30.020067180461414 0.3652735064428273, 30.022746744359623 0.366232269736234, 30.025507380661534 0.3669237731316937, 30.028322502930443 0.3673413570734937, 30.031165 0.367481, 30.03400749706956 0.3673413570734937, 30.03682261933847 0.3669237731316937, 30.03958325564038 0.366232269736234, 30.04226281953859 0.3652735064428273, 30.044835505367956 0.3640567166661023, 30.04727653675757 0.3625936187567738, 30.049562405240746 0.3608983031475194, 30.05167109665441 0.3589870966544099, 30.05358230314752 0.3568784052407457, 30.055277618756776 0.3545925367575685, 30.056740716666102 0.3521515053679539, 30.05795750644283 0.3495788195385876, 30.058916269736237 0.3468992556403794, 30.059607773131695 0.3441386193384677, 30.060025357073496 0.3413234970695572, 30.060165 0.338481))",5154
